Fips,Location,TimeFrame,Data Type,Data,MOE
US,United States,2000,Percent,0.04,null
US,United States,2001,Percent,0.047,null
US,United States,2002,Percent,0.057999999999999996,null
US,United States,2003,Percent,0.06,null
US,United States,2004,Percent,0.055,null
US,United States,2005,Percent,0.051,null
US,United States,2006,Percent,0.046,null
US,United States,2007,Percent,0.046,null
US,United States,2008,Percent,0.057999999999999996,null
US,United States,2009,Percent,0.09300000000000001,null
US,United States,2010,Percent,0.096,null
US,United States,2011,Percent,0.08900000000000001,null
US,United States,2012,Percent,0.081,null
US,United States,2013,Percent,0.07400000000000001,null
US,United States,2014,Percent,0.062,null
US,United States,2015,Percent,0.053,null
US,United States,2016,Percent,0.049,null
US,United States,2017,Percent,0.044000000000000004,null
1,Alabama,2000,Percent,0.040999999999999995,null
1,Alabama,2001,Percent,0.047,null
1,Alabama,2002,Percent,0.054000000000000006,null
1,Alabama,2003,Percent,0.054000000000000006,null
1,Alabama,2004,Percent,0.05,null
1,Alabama,2005,Percent,0.038,null
1,Alabama,2006,Percent,0.035,null
1,Alabama,2007,Percent,0.034,null
1,Alabama,2008,Percent,0.05,null
1,Alabama,2009,Percent,0.098,null
1,Alabama,2010,Percent,0.09300000000000001,null
1,Alabama,2011,Percent,0.087,null
1,Alabama,2012,Percent,0.073,null
1,Alabama,2013,Percent,0.07200000000000001,null
1,Alabama,2014,Percent,0.068,null
1,Alabama,2015,Percent,0.061,null
1,Alabama,2016,Percent,0.06,null
1,Alabama,2017,Percent,0.044000000000000004,null
2,Alaska,2000,Percent,0.062,null
2,Alaska,2001,Percent,0.062,null
2,Alaska,2002,Percent,0.071,null
2,Alaska,2003,Percent,0.077,null
2,Alaska,2004,Percent,0.07400000000000001,null
2,Alaska,2005,Percent,0.069,null
2,Alaska,2006,Percent,0.065,null
2,Alaska,2007,Percent,0.061,null
2,Alaska,2008,Percent,0.064,null
2,Alaska,2009,Percent,0.077,null
2,Alaska,2010,Percent,0.08,null
2,Alaska,2011,Percent,0.076,null
2,Alaska,2012,Percent,0.07,null
2,Alaska,2013,Percent,0.069,null
2,Alaska,2014,Percent,0.068,null
2,Alaska,2015,Percent,0.065,null
2,Alaska,2016,Percent,0.066,null
2,Alaska,2017,Percent,0.07200000000000001,null
4,Arizona,2000,Percent,0.04,null
4,Arizona,2001,Percent,0.047,null
4,Arizona,2002,Percent,0.06,null
4,Arizona,2003,Percent,0.057,null
4,Arizona,2004,Percent,0.05,null
4,Arizona,2005,Percent,0.047,null
4,Arizona,2006,Percent,0.040999999999999995,null
4,Arizona,2007,Percent,0.037000000000000005,null
4,Arizona,2008,Percent,0.06,null
4,Arizona,2009,Percent,0.098,null
4,Arizona,2010,Percent,0.10400000000000001,null
4,Arizona,2011,Percent,0.094,null
4,Arizona,2012,Percent,0.083,null
4,Arizona,2013,Percent,0.078,null
4,Arizona,2014,Percent,0.069,null
4,Arizona,2015,Percent,0.061,null
4,Arizona,2016,Percent,0.053,null
4,Arizona,2017,Percent,0.049,null
5,Arkansas,2000,Percent,0.042,null
5,Arkansas,2001,Percent,0.047,null
5,Arkansas,2002,Percent,0.053,null
5,Arkansas,2003,Percent,0.057999999999999996,null
5,Arkansas,2004,Percent,0.055999999999999994,null
5,Arkansas,2005,Percent,0.051,null
5,Arkansas,2006,Percent,0.053,null
5,Arkansas,2007,Percent,0.053,null
5,Arkansas,2008,Percent,0.054000000000000006,null
5,Arkansas,2009,Percent,0.075,null
5,Arkansas,2010,Percent,0.079,null
5,Arkansas,2011,Percent,0.079,null
5,Arkansas,2012,Percent,0.073,null
5,Arkansas,2013,Percent,0.07400000000000001,null
5,Arkansas,2014,Percent,0.061,null
5,Arkansas,2015,Percent,0.052000000000000005,null
5,Arkansas,2016,Percent,0.04,null
5,Arkansas,2017,Percent,0.037000000000000005,null
6,California,2000,Percent,0.049,null
6,California,2001,Percent,0.054000000000000006,null
6,California,2002,Percent,0.067,null
6,California,2003,Percent,0.068,null
6,California,2004,Percent,0.062,null
6,California,2005,Percent,0.054000000000000006,null
6,California,2006,Percent,0.049,null
6,California,2007,Percent,0.054000000000000006,null
6,California,2008,Percent,0.07200000000000001,null
6,California,2009,Percent,0.113,null
6,California,2010,Percent,0.124,null
6,California,2011,Percent,0.11800000000000001,null
6,California,2012,Percent,0.105,null
6,California,2013,Percent,0.08900000000000001,null
6,California,2014,Percent,0.075,null
6,California,2015,Percent,0.062,null
6,California,2016,Percent,0.054000000000000006,null
6,California,2017,Percent,0.048,null
8,Colorado,2000,Percent,0.027000000000000003,null
8,Colorado,2001,Percent,0.038,null
8,Colorado,2002,Percent,0.057,null
8,Colorado,2003,Percent,0.061,null
8,Colorado,2004,Percent,0.055999999999999994,null
8,Colorado,2005,Percent,0.051,null
8,Colorado,2006,Percent,0.043,null
8,Colorado,2007,Percent,0.038,null
8,Colorado,2008,Percent,0.048,null
8,Colorado,2009,Percent,0.081,null
8,Colorado,2010,Percent,0.09,null
8,Colorado,2011,Percent,0.086,null
8,Colorado,2012,Percent,0.08,null
8,Colorado,2013,Percent,0.068,null
8,Colorado,2014,Percent,0.05,null
8,Colorado,2015,Percent,0.039,null
8,Colorado,2016,Percent,0.033,null
8,Colorado,2017,Percent,0.027999999999999997,null
9,Connecticut,2000,Percent,0.023,null
9,Connecticut,2001,Percent,0.031,null
9,Connecticut,2002,Percent,0.044000000000000004,null
9,Connecticut,2003,Percent,0.055,null
9,Connecticut,2004,Percent,0.049,null
9,Connecticut,2005,Percent,0.049,null
9,Connecticut,2006,Percent,0.044000000000000004,null
9,Connecticut,2007,Percent,0.046,null
9,Connecticut,2008,Percent,0.055999999999999994,null
9,Connecticut,2009,Percent,0.08199999999999999,null
9,Connecticut,2010,Percent,0.09300000000000001,null
9,Connecticut,2011,Percent,0.08900000000000001,null
9,Connecticut,2012,Percent,0.084,null
9,Connecticut,2013,Percent,0.077,null
9,Connecticut,2014,Percent,0.066,null
9,Connecticut,2015,Percent,0.055999999999999994,null
9,Connecticut,2016,Percent,0.051,null
9,Connecticut,2017,Percent,0.047,null
10,Delaware,2000,Percent,0.033,null
10,Delaware,2001,Percent,0.035,null
10,Delaware,2002,Percent,0.04,null
10,Delaware,2003,Percent,0.042,null
10,Delaware,2004,Percent,0.039,null
10,Delaware,2005,Percent,0.04,null
10,Delaware,2006,Percent,0.035,null
10,Delaware,2007,Percent,0.035,null
10,Delaware,2008,Percent,0.049,null
10,Delaware,2009,Percent,0.079,null
10,Delaware,2010,Percent,0.08,null
10,Delaware,2011,Percent,0.07400000000000001,null
10,Delaware,2012,Percent,0.071,null
10,Delaware,2013,Percent,0.067,null
10,Delaware,2014,Percent,0.057,null
10,Delaware,2015,Percent,0.049,null
10,Delaware,2016,Percent,0.044000000000000004,null
10,Delaware,2017,Percent,0.046,null
11,Dist. of Columbia,2000,Percent,0.057,null
11,Dist. of Columbia,2001,Percent,0.063,null
11,Dist. of Columbia,2002,Percent,0.067,null
11,Dist. of Columbia,2003,Percent,0.07,null
11,Dist. of Columbia,2004,Percent,0.075,null
11,Dist. of Columbia,2005,Percent,0.065,null
11,Dist. of Columbia,2006,Percent,0.057,null
11,Dist. of Columbia,2007,Percent,0.055,null
11,Dist. of Columbia,2008,Percent,0.066,null
11,Dist. of Columbia,2009,Percent,0.09699999999999999,null
11,Dist. of Columbia,2010,Percent,0.1,null
11,Dist. of Columbia,2011,Percent,0.10099999999999999,null
11,Dist. of Columbia,2012,Percent,0.08900000000000001,null
11,Dist. of Columbia,2013,Percent,0.085,null
11,Dist. of Columbia,2014,Percent,0.078,null
11,Dist. of Columbia,2015,Percent,0.069,null
11,Dist. of Columbia,2016,Percent,0.06,null
11,Dist. of Columbia,2017,Percent,0.061,null
12,Florida,2000,Percent,0.038,null
12,Florida,2001,Percent,0.047,null
12,Florida,2002,Percent,0.057,null
12,Florida,2003,Percent,0.053,null
12,Florida,2004,Percent,0.047,null
12,Florida,2005,Percent,0.038,null
12,Florida,2006,Percent,0.033,null
12,Florida,2007,Percent,0.04,null
12,Florida,2008,Percent,0.063,null
12,Florida,2009,Percent,0.10400000000000001,null
12,Florida,2010,Percent,0.113,null
12,Florida,2011,Percent,0.10300000000000001,null
12,Florida,2012,Percent,0.086,null
12,Florida,2013,Percent,0.073,null
12,Florida,2014,Percent,0.063,null
12,Florida,2015,Percent,0.054000000000000006,null
12,Florida,2016,Percent,0.049,null
12,Florida,2017,Percent,0.042,null
13,Georgia,2000,Percent,0.035,null
13,Georgia,2001,Percent,0.04,null
13,Georgia,2002,Percent,0.048,null
13,Georgia,2003,Percent,0.048,null
13,Georgia,2004,Percent,0.047,null
13,Georgia,2005,Percent,0.052000000000000005,null
13,Georgia,2006,Percent,0.047,null
13,Georgia,2007,Percent,0.046,null
13,Georgia,2008,Percent,0.063,null
13,Georgia,2009,Percent,0.098,null
13,Georgia,2010,Percent,0.102,null
13,Georgia,2011,Percent,0.099,null
13,Georgia,2012,Percent,0.09,null
13,Georgia,2013,Percent,0.08199999999999999,null
13,Georgia,2014,Percent,0.07200000000000001,null
13,Georgia,2015,Percent,0.059000000000000004,null
13,Georgia,2016,Percent,0.054000000000000006,null
13,Georgia,2017,Percent,0.047,null
15,Hawaii,2000,Percent,0.04,null
15,Hawaii,2001,Percent,0.042,null
15,Hawaii,2002,Percent,0.04,null
15,Hawaii,2003,Percent,0.039,null
15,Hawaii,2004,Percent,0.032,null
15,Hawaii,2005,Percent,0.027999999999999997,null
15,Hawaii,2006,Percent,0.025,null
15,Hawaii,2007,Percent,0.027000000000000003,null
15,Hawaii,2008,Percent,0.040999999999999995,null
15,Hawaii,2009,Percent,0.069,null
15,Hawaii,2010,Percent,0.068,null
15,Hawaii,2011,Percent,0.065,null
15,Hawaii,2012,Percent,0.057999999999999996,null
15,Hawaii,2013,Percent,0.048,null
15,Hawaii,2014,Percent,0.044000000000000004,null
15,Hawaii,2015,Percent,0.036000000000000004,null
15,Hawaii,2016,Percent,0.03,null
15,Hawaii,2017,Percent,0.024,null
16,Idaho,2000,Percent,0.046,null
16,Idaho,2001,Percent,0.049,null
16,Idaho,2002,Percent,0.054000000000000006,null
16,Idaho,2003,Percent,0.052000000000000005,null
16,Idaho,2004,Percent,0.046,null
16,Idaho,2005,Percent,0.037000000000000005,null
16,Idaho,2006,Percent,0.03,null
16,Idaho,2007,Percent,0.03,null
16,Idaho,2008,Percent,0.048,null
16,Idaho,2009,Percent,0.075,null
16,Idaho,2010,Percent,0.087,null
16,Idaho,2011,Percent,0.083,null
16,Idaho,2012,Percent,0.071,null
16,Idaho,2013,Percent,0.061,null
16,Idaho,2014,Percent,0.048,null
16,Idaho,2015,Percent,0.040999999999999995,null
16,Idaho,2016,Percent,0.038,null
16,Idaho,2017,Percent,0.032,null
17,Illinois,2000,Percent,0.045,null
17,Illinois,2001,Percent,0.054000000000000006,null
17,Illinois,2002,Percent,0.065,null
17,Illinois,2003,Percent,0.067,null
17,Illinois,2004,Percent,0.062,null
17,Illinois,2005,Percent,0.057999999999999996,null
17,Illinois,2006,Percent,0.046,null
17,Illinois,2007,Percent,0.051,null
17,Illinois,2008,Percent,0.064,null
17,Illinois,2009,Percent,0.1,null
17,Illinois,2010,Percent,0.10400000000000001,null
17,Illinois,2011,Percent,0.09699999999999999,null
17,Illinois,2012,Percent,0.08900000000000001,null
17,Illinois,2013,Percent,0.091,null
17,Illinois,2014,Percent,0.071,null
17,Illinois,2015,Percent,0.059000000000000004,null
17,Illinois,2016,Percent,0.059000000000000004,null
17,Illinois,2017,Percent,0.05,null
18,Indiana,2000,Percent,0.028999999999999998,null
18,Indiana,2001,Percent,0.042,null
18,Indiana,2002,Percent,0.052000000000000005,null
18,Indiana,2003,Percent,0.053,null
18,Indiana,2004,Percent,0.053,null
18,Indiana,2005,Percent,0.054000000000000006,null
18,Indiana,2006,Percent,0.05,null
18,Indiana,2007,Percent,0.046,null
18,Indiana,2008,Percent,0.057999999999999996,null
18,Indiana,2009,Percent,0.10400000000000001,null
18,Indiana,2010,Percent,0.10099999999999999,null
18,Indiana,2011,Percent,0.09,null
18,Indiana,2012,Percent,0.084,null
18,Indiana,2013,Percent,0.077,null
18,Indiana,2014,Percent,0.06,null
18,Indiana,2015,Percent,0.048,null
18,Indiana,2016,Percent,0.044000000000000004,null
18,Indiana,2017,Percent,0.035,null
19,Iowa,2000,Percent,0.027999999999999997,null
19,Iowa,2001,Percent,0.033,null
19,Iowa,2002,Percent,0.039,null
19,Iowa,2003,Percent,0.044000000000000004,null
19,Iowa,2004,Percent,0.046,null
19,Iowa,2005,Percent,0.043,null
19,Iowa,2006,Percent,0.037000000000000005,null
19,Iowa,2007,Percent,0.038,null
19,Iowa,2008,Percent,0.04,null
19,Iowa,2009,Percent,0.062,null
19,Iowa,2010,Percent,0.063,null
19,Iowa,2011,Percent,0.059000000000000004,null
19,Iowa,2012,Percent,0.052000000000000005,null
19,Iowa,2013,Percent,0.048,null
19,Iowa,2014,Percent,0.044000000000000004,null
19,Iowa,2015,Percent,0.037000000000000005,null
19,Iowa,2016,Percent,0.037000000000000005,null
19,Iowa,2017,Percent,0.031,null
20,Kansas,2000,Percent,0.038,null
20,Kansas,2001,Percent,0.043,null
20,Kansas,2002,Percent,0.051,null
20,Kansas,2003,Percent,0.055999999999999994,null
20,Kansas,2004,Percent,0.055,null
20,Kansas,2005,Percent,0.051,null
20,Kansas,2006,Percent,0.044000000000000004,null
20,Kansas,2007,Percent,0.040999999999999995,null
20,Kansas,2008,Percent,0.044000000000000004,null
20,Kansas,2009,Percent,0.071,null
20,Kansas,2010,Percent,0.071,null
20,Kansas,2011,Percent,0.065,null
20,Kansas,2012,Percent,0.057,null
20,Kansas,2013,Percent,0.053,null
20,Kansas,2014,Percent,0.045,null
20,Kansas,2015,Percent,0.042,null
20,Kansas,2016,Percent,0.042,null
20,Kansas,2017,Percent,0.036000000000000004,null
21,Kentucky,2000,Percent,0.042,null
21,Kentucky,2001,Percent,0.052000000000000005,null
21,Kentucky,2002,Percent,0.057,null
21,Kentucky,2003,Percent,0.063,null
21,Kentucky,2004,Percent,0.055999999999999994,null
21,Kentucky,2005,Percent,0.06,null
21,Kentucky,2006,Percent,0.059000000000000004,null
21,Kentucky,2007,Percent,0.055999999999999994,null
21,Kentucky,2008,Percent,0.066,null
21,Kentucky,2009,Percent,0.10300000000000001,null
21,Kentucky,2010,Percent,0.102,null
21,Kentucky,2011,Percent,0.095,null
21,Kentucky,2012,Percent,0.08199999999999999,null
21,Kentucky,2013,Percent,0.08,null
21,Kentucky,2014,Percent,0.065,null
21,Kentucky,2015,Percent,0.054000000000000006,null
21,Kentucky,2016,Percent,0.05,null
21,Kentucky,2017,Percent,0.049,null
22,Louisiana,2000,Percent,0.05,null
22,Louisiana,2001,Percent,0.054000000000000006,null
22,Louisiana,2002,Percent,0.059000000000000004,null
22,Louisiana,2003,Percent,0.062,null
22,Louisiana,2004,Percent,0.055,null
22,Louisiana,2005,Percent,0.067,null
22,Louisiana,2006,Percent,0.039,null
22,Louisiana,2007,Percent,0.038,null
22,Louisiana,2008,Percent,0.044000000000000004,null
22,Louisiana,2009,Percent,0.066,null
22,Louisiana,2010,Percent,0.07400000000000001,null
22,Louisiana,2011,Percent,0.073,null
22,Louisiana,2012,Percent,0.064,null
22,Louisiana,2013,Percent,0.067,null
22,Louisiana,2014,Percent,0.064,null
22,Louisiana,2015,Percent,0.063,null
22,Louisiana,2016,Percent,0.061,null
22,Louisiana,2017,Percent,0.051,null
23,Maine,2000,Percent,0.033,null
23,Maine,2001,Percent,0.037000000000000005,null
23,Maine,2002,Percent,0.044000000000000004,null
23,Maine,2003,Percent,0.05,null
23,Maine,2004,Percent,0.046,null
23,Maine,2005,Percent,0.049,null
23,Maine,2006,Percent,0.047,null
23,Maine,2007,Percent,0.047,null
23,Maine,2008,Percent,0.054000000000000006,null
23,Maine,2009,Percent,0.081,null
23,Maine,2010,Percent,0.08199999999999999,null
23,Maine,2011,Percent,0.077,null
23,Maine,2012,Percent,0.073,null
23,Maine,2013,Percent,0.066,null
23,Maine,2014,Percent,0.057,null
23,Maine,2015,Percent,0.044000000000000004,null
23,Maine,2016,Percent,0.039,null
23,Maine,2017,Percent,0.033,null
24,Maryland,2000,Percent,0.036000000000000004,null
24,Maryland,2001,Percent,0.040999999999999995,null
24,Maryland,2002,Percent,0.045,null
24,Maryland,2003,Percent,0.045,null
24,Maryland,2004,Percent,0.043,null
24,Maryland,2005,Percent,0.040999999999999995,null
24,Maryland,2006,Percent,0.038,null
24,Maryland,2007,Percent,0.034,null
24,Maryland,2008,Percent,0.043,null
24,Maryland,2009,Percent,0.07400000000000001,null
24,Maryland,2010,Percent,0.078,null
24,Maryland,2011,Percent,0.073,null
24,Maryland,2012,Percent,0.068,null
24,Maryland,2013,Percent,0.066,null
24,Maryland,2014,Percent,0.057999999999999996,null
24,Maryland,2015,Percent,0.052000000000000005,null
24,Maryland,2016,Percent,0.043,null
24,Maryland,2017,Percent,0.040999999999999995,null
25,Massachusetts,2000,Percent,0.027000000000000003,null
25,Massachusetts,2001,Percent,0.037000000000000005,null
25,Massachusetts,2002,Percent,0.053,null
25,Massachusetts,2003,Percent,0.057999999999999996,null
25,Massachusetts,2004,Percent,0.052000000000000005,null
25,Massachusetts,2005,Percent,0.048,null
25,Massachusetts,2006,Percent,0.048,null
25,Massachusetts,2007,Percent,0.045,null
25,Massachusetts,2008,Percent,0.053,null
25,Massachusetts,2009,Percent,0.08199999999999999,null
25,Massachusetts,2010,Percent,0.083,null
25,Massachusetts,2011,Percent,0.073,null
25,Massachusetts,2012,Percent,0.067,null
25,Massachusetts,2013,Percent,0.067,null
25,Massachusetts,2014,Percent,0.057999999999999996,null
25,Massachusetts,2015,Percent,0.05,null
25,Massachusetts,2016,Percent,0.037000000000000005,null
25,Massachusetts,2017,Percent,0.037000000000000005,null
26,Michigan,2000,Percent,0.037000000000000005,null
26,Michigan,2001,Percent,0.052000000000000005,null
26,Michigan,2002,Percent,0.062,null
26,Michigan,2003,Percent,0.071,null
26,Michigan,2004,Percent,0.071,null
26,Michigan,2005,Percent,0.068,null
26,Michigan,2006,Percent,0.069,null
26,Michigan,2007,Percent,0.071,null
26,Michigan,2008,Percent,0.083,null
26,Michigan,2009,Percent,0.134,null
26,Michigan,2010,Percent,0.127,null
26,Michigan,2011,Percent,0.10400000000000001,null
26,Michigan,2012,Percent,0.091,null
26,Michigan,2013,Percent,0.087,null
26,Michigan,2014,Percent,0.073,null
26,Michigan,2015,Percent,0.054000000000000006,null
26,Michigan,2016,Percent,0.049,null
26,Michigan,2017,Percent,0.046,null
27,Minnesota,2000,Percent,0.031,null
27,Minnesota,2001,Percent,0.038,null
27,Minnesota,2002,Percent,0.045,null
27,Minnesota,2003,Percent,0.049,null
27,Minnesota,2004,Percent,0.046,null
27,Minnesota,2005,Percent,0.042,null
27,Minnesota,2006,Percent,0.040999999999999995,null
27,Minnesota,2007,Percent,0.047,null
27,Minnesota,2008,Percent,0.054000000000000006,null
27,Minnesota,2009,Percent,0.08,null
27,Minnesota,2010,Percent,0.07400000000000001,null
27,Minnesota,2011,Percent,0.065,null
27,Minnesota,2012,Percent,0.055999999999999994,null
27,Minnesota,2013,Percent,0.049,null
27,Minnesota,2014,Percent,0.040999999999999995,null
27,Minnesota,2015,Percent,0.037000000000000005,null
27,Minnesota,2016,Percent,0.039,null
27,Minnesota,2017,Percent,0.035,null
28,Mississippi,2000,Percent,0.057,null
28,Mississippi,2001,Percent,0.055999999999999994,null
28,Mississippi,2002,Percent,0.067,null
28,Mississippi,2003,Percent,0.064,null
28,Mississippi,2004,Percent,0.063,null
28,Mississippi,2005,Percent,0.078,null
28,Mississippi,2006,Percent,0.068,null
28,Mississippi,2007,Percent,0.063,null
28,Mississippi,2008,Percent,0.068,null
28,Mississippi,2009,Percent,0.094,null
28,Mississippi,2010,Percent,0.105,null
28,Mississippi,2011,Percent,0.105,null
28,Mississippi,2012,Percent,0.092,null
28,Mississippi,2013,Percent,0.087,null
28,Mississippi,2014,Percent,0.078,null
28,Mississippi,2015,Percent,0.065,null
28,Mississippi,2016,Percent,0.057999999999999996,null
28,Mississippi,2017,Percent,0.051,null
29,Missouri,2000,Percent,0.033,null
29,Missouri,2001,Percent,0.045,null
29,Missouri,2002,Percent,0.052000000000000005,null
29,Missouri,2003,Percent,0.055999999999999994,null
29,Missouri,2004,Percent,0.057999999999999996,null
29,Missouri,2005,Percent,0.054000000000000006,null
29,Missouri,2006,Percent,0.048,null
29,Missouri,2007,Percent,0.05,null
29,Missouri,2008,Percent,0.059000000000000004,null
29,Missouri,2009,Percent,0.094,null
29,Missouri,2010,Percent,0.09300000000000001,null
29,Missouri,2011,Percent,0.084,null
29,Missouri,2012,Percent,0.069,null
29,Missouri,2013,Percent,0.067,null
29,Missouri,2014,Percent,0.061,null
29,Missouri,2015,Percent,0.05,null
29,Missouri,2016,Percent,0.045,null
29,Missouri,2017,Percent,0.038,null
30,Montana,2000,Percent,0.048,null
30,Montana,2001,Percent,0.045,null
30,Montana,2002,Percent,0.045,null
30,Montana,2003,Percent,0.043,null
30,Montana,2004,Percent,0.04,null
30,Montana,2005,Percent,0.036000000000000004,null
30,Montana,2006,Percent,0.032,null
30,Montana,2007,Percent,0.034,null
30,Montana,2008,Percent,0.045,null
30,Montana,2009,Percent,0.06,null
30,Montana,2010,Percent,0.068,null
30,Montana,2011,Percent,0.066,null
30,Montana,2012,Percent,0.06,null
30,Montana,2013,Percent,0.054000000000000006,null
30,Montana,2014,Percent,0.047,null
30,Montana,2015,Percent,0.040999999999999995,null
30,Montana,2016,Percent,0.040999999999999995,null
30,Montana,2017,Percent,0.04,null
31,Nebraska,2000,Percent,0.027999999999999997,null
31,Nebraska,2001,Percent,0.031,null
31,Nebraska,2002,Percent,0.037000000000000005,null
31,Nebraska,2003,Percent,0.04,null
31,Nebraska,2004,Percent,0.039,null
31,Nebraska,2005,Percent,0.039,null
31,Nebraska,2006,Percent,0.03,null
31,Nebraska,2007,Percent,0.03,null
31,Nebraska,2008,Percent,0.033,null
31,Nebraska,2009,Percent,0.047,null
31,Nebraska,2010,Percent,0.047,null
31,Nebraska,2011,Percent,0.045,null
31,Nebraska,2012,Percent,0.039,null
31,Nebraska,2013,Percent,0.038,null
31,Nebraska,2014,Percent,0.033,null
31,Nebraska,2015,Percent,0.03,null
31,Nebraska,2016,Percent,0.032,null
31,Nebraska,2017,Percent,0.028999999999999998,null
32,Nevada,2000,Percent,0.045,null
32,Nevada,2001,Percent,0.053,null
32,Nevada,2002,Percent,0.057,null
32,Nevada,2003,Percent,0.052000000000000005,null
32,Nevada,2004,Percent,0.044000000000000004,null
32,Nevada,2005,Percent,0.045,null
32,Nevada,2006,Percent,0.042,null
32,Nevada,2007,Percent,0.047,null
32,Nevada,2008,Percent,0.071,null
32,Nevada,2009,Percent,0.11699999999999999,null
32,Nevada,2010,Percent,0.138,null
32,Nevada,2011,Percent,0.132,null
32,Nevada,2012,Percent,0.111,null
32,Nevada,2013,Percent,0.095,null
32,Nevada,2014,Percent,0.078,null
32,Nevada,2015,Percent,0.067,null
32,Nevada,2016,Percent,0.057,null
32,Nevada,2017,Percent,0.05,null
33,New Hampshire,2000,Percent,0.027000000000000003,null
33,New Hampshire,2001,Percent,0.034,null
33,New Hampshire,2002,Percent,0.045,null
33,New Hampshire,2003,Percent,0.045,null
33,New Hampshire,2004,Percent,0.039,null
33,New Hampshire,2005,Percent,0.036000000000000004,null
33,New Hampshire,2006,Percent,0.035,null
33,New Hampshire,2007,Percent,0.035,null
33,New Hampshire,2008,Percent,0.039,null
33,New Hampshire,2009,Percent,0.062,null
33,New Hampshire,2010,Percent,0.061,null
33,New Hampshire,2011,Percent,0.055,null
33,New Hampshire,2012,Percent,0.055,null
33,New Hampshire,2013,Percent,0.051,null
33,New Hampshire,2014,Percent,0.043,null
33,New Hampshire,2015,Percent,0.034,null
33,New Hampshire,2016,Percent,0.027999999999999997,null
33,New Hampshire,2017,Percent,0.027000000000000003,null
34,New Jersey,2000,Percent,0.037000000000000005,null
34,New Jersey,2001,Percent,0.043,null
34,New Jersey,2002,Percent,0.057999999999999996,null
34,New Jersey,2003,Percent,0.059000000000000004,null
34,New Jersey,2004,Percent,0.049,null
34,New Jersey,2005,Percent,0.045,null
34,New Jersey,2006,Percent,0.046,null
34,New Jersey,2007,Percent,0.043,null
34,New Jersey,2008,Percent,0.055,null
34,New Jersey,2009,Percent,0.09,null
34,New Jersey,2010,Percent,0.096,null
34,New Jersey,2011,Percent,0.094,null
34,New Jersey,2012,Percent,0.095,null
34,New Jersey,2013,Percent,0.08199999999999999,null
34,New Jersey,2014,Percent,0.066,null
34,New Jersey,2015,Percent,0.055999999999999994,null
34,New Jersey,2016,Percent,0.05,null
34,New Jersey,2017,Percent,0.046,null
35,New Mexico,2000,Percent,0.05,null
35,New Mexico,2001,Percent,0.049,null
35,New Mexico,2002,Percent,0.055,null
35,New Mexico,2003,Percent,0.059000000000000004,null
35,New Mexico,2004,Percent,0.057999999999999996,null
35,New Mexico,2005,Percent,0.052000000000000005,null
35,New Mexico,2006,Percent,0.040999999999999995,null
35,New Mexico,2007,Percent,0.035,null
35,New Mexico,2008,Percent,0.045,null
35,New Mexico,2009,Percent,0.068,null
35,New Mexico,2010,Percent,0.079,null
35,New Mexico,2011,Percent,0.075,null
35,New Mexico,2012,Percent,0.069,null
35,New Mexico,2013,Percent,0.069,null
35,New Mexico,2014,Percent,0.065,null
35,New Mexico,2015,Percent,0.066,null
35,New Mexico,2016,Percent,0.067,null
35,New Mexico,2017,Percent,0.062,null
36,New York,2000,Percent,0.045,null
36,New York,2001,Percent,0.049,null
36,New York,2002,Percent,0.062,null
36,New York,2003,Percent,0.064,null
36,New York,2004,Percent,0.057999999999999996,null
36,New York,2005,Percent,0.05,null
36,New York,2006,Percent,0.046,null
36,New York,2007,Percent,0.046,null
36,New York,2008,Percent,0.054000000000000006,null
36,New York,2009,Percent,0.084,null
36,New York,2010,Percent,0.086,null
36,New York,2011,Percent,0.083,null
36,New York,2012,Percent,0.085,null
36,New York,2013,Percent,0.077,null
36,New York,2014,Percent,0.063,null
36,New York,2015,Percent,0.053,null
36,New York,2016,Percent,0.048,null
36,New York,2017,Percent,0.047,null
37,North Carolina,2000,Percent,0.037000000000000005,null
37,North Carolina,2001,Percent,0.055999999999999994,null
37,North Carolina,2002,Percent,0.066,null
37,North Carolina,2003,Percent,0.065,null
37,North Carolina,2004,Percent,0.055,null
37,North Carolina,2005,Percent,0.053,null
37,North Carolina,2006,Percent,0.048,null
37,North Carolina,2007,Percent,0.048,null
37,North Carolina,2008,Percent,0.063,null
37,North Carolina,2009,Percent,0.10400000000000001,null
37,North Carolina,2010,Percent,0.10800000000000001,null
37,North Carolina,2011,Percent,0.102,null
37,North Carolina,2012,Percent,0.095,null
37,North Carolina,2013,Percent,0.079,null
37,North Carolina,2014,Percent,0.061,null
37,North Carolina,2015,Percent,0.057,null
37,North Carolina,2016,Percent,0.051,null
37,North Carolina,2017,Percent,0.046,null
38,North Dakota,2000,Percent,0.028999999999999998,null
38,North Dakota,2001,Percent,0.027999999999999997,null
38,North Dakota,2002,Percent,0.035,null
38,North Dakota,2003,Percent,0.036000000000000004,null
38,North Dakota,2004,Percent,0.035,null
38,North Dakota,2005,Percent,0.034,null
38,North Dakota,2006,Percent,0.032,null
38,North Dakota,2007,Percent,0.031,null
38,North Dakota,2008,Percent,0.031,null
38,North Dakota,2009,Percent,0.040999999999999995,null
38,North Dakota,2010,Percent,0.038,null
38,North Dakota,2011,Percent,0.035,null
38,North Dakota,2012,Percent,0.031,null
38,North Dakota,2013,Percent,0.028999999999999998,null
38,North Dakota,2014,Percent,0.027999999999999997,null
38,North Dakota,2015,Percent,0.027000000000000003,null
38,North Dakota,2016,Percent,0.032,null
38,North Dakota,2017,Percent,0.026000000000000002,null
39,Ohio,2000,Percent,0.04,null
39,Ohio,2001,Percent,0.044000000000000004,null
39,Ohio,2002,Percent,0.057,null
39,Ohio,2003,Percent,0.062,null
39,Ohio,2004,Percent,0.061,null
39,Ohio,2005,Percent,0.059000000000000004,null
39,Ohio,2006,Percent,0.054000000000000006,null
39,Ohio,2007,Percent,0.055999999999999994,null
39,Ohio,2008,Percent,0.066,null
39,Ohio,2009,Percent,0.102,null
39,Ohio,2010,Percent,0.1,null
39,Ohio,2011,Percent,0.086,null
39,Ohio,2012,Percent,0.07200000000000001,null
39,Ohio,2013,Percent,0.075,null
39,Ohio,2014,Percent,0.057,null
39,Ohio,2015,Percent,0.049,null
39,Ohio,2016,Percent,0.049,null
39,Ohio,2017,Percent,0.05,null
40,Oklahoma,2000,Percent,0.031,null
40,Oklahoma,2001,Percent,0.037000000000000005,null
40,Oklahoma,2002,Percent,0.048,null
40,Oklahoma,2003,Percent,0.055999999999999994,null
40,Oklahoma,2004,Percent,0.05,null
40,Oklahoma,2005,Percent,0.045,null
40,Oklahoma,2006,Percent,0.040999999999999995,null
40,Oklahoma,2007,Percent,0.040999999999999995,null
40,Oklahoma,2008,Percent,0.037000000000000005,null
40,Oklahoma,2009,Percent,0.067,null
40,Oklahoma,2010,Percent,0.069,null
40,Oklahoma,2011,Percent,0.059000000000000004,null
40,Oklahoma,2012,Percent,0.052000000000000005,null
40,Oklahoma,2013,Percent,0.053,null
40,Oklahoma,2014,Percent,0.045,null
40,Oklahoma,2015,Percent,0.042,null
40,Oklahoma,2016,Percent,0.049,null
40,Oklahoma,2017,Percent,0.043,null
41,Oregon,2000,Percent,0.051,null
41,Oregon,2001,Percent,0.064,null
41,Oregon,2002,Percent,0.076,null
41,Oregon,2003,Percent,0.081,null
41,Oregon,2004,Percent,0.073,null
41,Oregon,2005,Percent,0.062,null
41,Oregon,2006,Percent,0.053,null
41,Oregon,2007,Percent,0.052000000000000005,null
41,Oregon,2008,Percent,0.065,null
41,Oregon,2009,Percent,0.111,null
41,Oregon,2010,Percent,0.107,null
41,Oregon,2011,Percent,0.096,null
41,Oregon,2012,Percent,0.087,null
41,Oregon,2013,Percent,0.079,null
41,Oregon,2014,Percent,0.069,null
41,Oregon,2015,Percent,0.057,null
41,Oregon,2016,Percent,0.049,null
41,Oregon,2017,Percent,0.040999999999999995,null
42,Pennsylvania,2000,Percent,0.042,null
42,Pennsylvania,2001,Percent,0.048,null
42,Pennsylvania,2002,Percent,0.055999999999999994,null
42,Pennsylvania,2003,Percent,0.057,null
42,Pennsylvania,2004,Percent,0.054000000000000006,null
42,Pennsylvania,2005,Percent,0.05,null
42,Pennsylvania,2006,Percent,0.045,null
42,Pennsylvania,2007,Percent,0.044000000000000004,null
42,Pennsylvania,2008,Percent,0.053,null
42,Pennsylvania,2009,Percent,0.079,null
42,Pennsylvania,2010,Percent,0.084,null
42,Pennsylvania,2011,Percent,0.079,null
42,Pennsylvania,2012,Percent,0.079,null
42,Pennsylvania,2013,Percent,0.07400000000000001,null
42,Pennsylvania,2014,Percent,0.057999999999999996,null
42,Pennsylvania,2015,Percent,0.051,null
42,Pennsylvania,2016,Percent,0.054000000000000006,null
42,Pennsylvania,2017,Percent,0.049,null
44,Rhode Island,2000,Percent,0.042,null
44,Rhode Island,2001,Percent,0.045,null
44,Rhode Island,2002,Percent,0.051,null
44,Rhode Island,2003,Percent,0.054000000000000006,null
44,Rhode Island,2004,Percent,0.052000000000000005,null
44,Rhode Island,2005,Percent,0.051,null
44,Rhode Island,2006,Percent,0.051,null
44,Rhode Island,2007,Percent,0.052000000000000005,null
44,Rhode Island,2008,Percent,0.077,null
44,Rhode Island,2009,Percent,0.109,null
44,Rhode Island,2010,Percent,0.11699999999999999,null
44,Rhode Island,2011,Percent,0.11199999999999999,null
44,Rhode Island,2012,Percent,0.10400000000000001,null
44,Rhode Island,2013,Percent,0.09300000000000001,null
44,Rhode Island,2014,Percent,0.077,null
44,Rhode Island,2015,Percent,0.06,null
44,Rhode Island,2016,Percent,0.053,null
44,Rhode Island,2017,Percent,0.045,null
45,South Carolina,2000,Percent,0.036000000000000004,null
45,South Carolina,2001,Percent,0.052000000000000005,null
45,South Carolina,2002,Percent,0.06,null
45,South Carolina,2003,Percent,0.067,null
45,South Carolina,2004,Percent,0.068,null
45,South Carolina,2005,Percent,0.068,null
45,South Carolina,2006,Percent,0.064,null
45,South Carolina,2007,Percent,0.055999999999999994,null
45,South Carolina,2008,Percent,0.068,null
45,South Carolina,2009,Percent,0.115,null
45,South Carolina,2010,Percent,0.11199999999999999,null
45,South Carolina,2011,Percent,0.10400000000000001,null
45,South Carolina,2012,Percent,0.091,null
45,South Carolina,2013,Percent,0.076,null
45,South Carolina,2014,Percent,0.064,null
45,South Carolina,2015,Percent,0.06,null
45,South Carolina,2016,Percent,0.048,null
45,South Carolina,2017,Percent,0.043,null
46,South Dakota,2000,Percent,0.027000000000000003,null
46,South Dakota,2001,Percent,0.031,null
46,South Dakota,2002,Percent,0.033,null
46,South Dakota,2003,Percent,0.035,null
46,South Dakota,2004,Percent,0.037000000000000005,null
46,South Dakota,2005,Percent,0.037000000000000005,null
46,South Dakota,2006,Percent,0.031,null
46,South Dakota,2007,Percent,0.028999999999999998,null
46,South Dakota,2008,Percent,0.03,null
46,South Dakota,2009,Percent,0.052000000000000005,null
46,South Dakota,2010,Percent,0.051,null
46,South Dakota,2011,Percent,0.048,null
46,South Dakota,2012,Percent,0.044000000000000004,null
46,South Dakota,2013,Percent,0.038,null
46,South Dakota,2014,Percent,0.034,null
46,South Dakota,2015,Percent,0.031,null
46,South Dakota,2016,Percent,0.027999999999999997,null
46,South Dakota,2017,Percent,0.033,null
47,Tennessee,2000,Percent,0.04,null
47,Tennessee,2001,Percent,0.047,null
47,Tennessee,2002,Percent,0.053,null
47,Tennessee,2003,Percent,0.057,null
47,Tennessee,2004,Percent,0.054000000000000006,null
47,Tennessee,2005,Percent,0.055999999999999994,null
47,Tennessee,2006,Percent,0.052000000000000005,null
47,Tennessee,2007,Percent,0.048,null
47,Tennessee,2008,Percent,0.066,null
47,Tennessee,2009,Percent,0.105,null
47,Tennessee,2010,Percent,0.098,null
47,Tennessee,2011,Percent,0.09300000000000001,null
47,Tennessee,2012,Percent,0.08,null
47,Tennessee,2013,Percent,0.078,null
47,Tennessee,2014,Percent,0.067,null
47,Tennessee,2015,Percent,0.057999999999999996,null
47,Tennessee,2016,Percent,0.048,null
47,Tennessee,2017,Percent,0.037000000000000005,null
48,Texas,2000,Percent,0.044000000000000004,null
48,Texas,2001,Percent,0.05,null
48,Texas,2002,Percent,0.064,null
48,Texas,2003,Percent,0.067,null
48,Texas,2004,Percent,0.06,null
48,Texas,2005,Percent,0.054000000000000006,null
48,Texas,2006,Percent,0.049,null
48,Texas,2007,Percent,0.044000000000000004,null
48,Texas,2008,Percent,0.049,null
48,Texas,2009,Percent,0.075,null
48,Texas,2010,Percent,0.08199999999999999,null
48,Texas,2011,Percent,0.079,null
48,Texas,2012,Percent,0.068,null
48,Texas,2013,Percent,0.062,null
48,Texas,2014,Percent,0.051,null
48,Texas,2015,Percent,0.045,null
48,Texas,2016,Percent,0.046,null
48,Texas,2017,Percent,0.043,null
49,Utah,2000,Percent,0.034,null
49,Utah,2001,Percent,0.044000000000000004,null
49,Utah,2002,Percent,0.057999999999999996,null
49,Utah,2003,Percent,0.057,null
49,Utah,2004,Percent,0.051,null
49,Utah,2005,Percent,0.040999999999999995,null
49,Utah,2006,Percent,0.028999999999999998,null
49,Utah,2007,Percent,0.026000000000000002,null
49,Utah,2008,Percent,0.033,null
49,Utah,2009,Percent,0.078,null
49,Utah,2010,Percent,0.081,null
49,Utah,2011,Percent,0.069,null
49,Utah,2012,Percent,0.057,null
49,Utah,2013,Percent,0.047,null
49,Utah,2014,Percent,0.038,null
49,Utah,2015,Percent,0.035,null
49,Utah,2016,Percent,0.034,null
49,Utah,2017,Percent,0.032,null
50,Vermont,2000,Percent,0.027000000000000003,null
50,Vermont,2001,Percent,0.033,null
50,Vermont,2002,Percent,0.04,null
50,Vermont,2003,Percent,0.045,null
50,Vermont,2004,Percent,0.037000000000000005,null
50,Vermont,2005,Percent,0.035,null
50,Vermont,2006,Percent,0.037000000000000005,null
50,Vermont,2007,Percent,0.039,null
50,Vermont,2008,Percent,0.045,null
50,Vermont,2009,Percent,0.069,null
50,Vermont,2010,Percent,0.064,null
50,Vermont,2011,Percent,0.055999999999999994,null
50,Vermont,2012,Percent,0.05,null
50,Vermont,2013,Percent,0.044000000000000004,null
50,Vermont,2014,Percent,0.040999999999999995,null
50,Vermont,2015,Percent,0.037000000000000005,null
50,Vermont,2016,Percent,0.033,null
50,Vermont,2017,Percent,0.03,null
51,Virginia,2000,Percent,0.023,null
51,Virginia,2001,Percent,0.032,null
51,Virginia,2002,Percent,0.042,null
51,Virginia,2003,Percent,0.040999999999999995,null
51,Virginia,2004,Percent,0.037000000000000005,null
51,Virginia,2005,Percent,0.035,null
51,Virginia,2006,Percent,0.03,null
51,Virginia,2007,Percent,0.031,null
51,Virginia,2008,Percent,0.04,null
51,Virginia,2009,Percent,0.069,null
51,Virginia,2010,Percent,0.071,null
51,Virginia,2011,Percent,0.064,null
51,Virginia,2012,Percent,0.059000000000000004,null
51,Virginia,2013,Percent,0.057,null
51,Virginia,2014,Percent,0.052000000000000005,null
51,Virginia,2015,Percent,0.044000000000000004,null
51,Virginia,2016,Percent,0.04,null
51,Virginia,2017,Percent,0.038,null
53,Washington,2000,Percent,0.05,null
53,Washington,2001,Percent,0.062,null
53,Washington,2002,Percent,0.073,null
53,Washington,2003,Percent,0.07400000000000001,null
53,Washington,2004,Percent,0.062,null
53,Washington,2005,Percent,0.055,null
53,Washington,2006,Percent,0.049,null
53,Washington,2007,Percent,0.046,null
53,Washington,2008,Percent,0.054000000000000006,null
53,Washington,2009,Percent,0.094,null
53,Washington,2010,Percent,0.099,null
53,Washington,2011,Percent,0.092,null
53,Washington,2012,Percent,0.08199999999999999,null
53,Washington,2013,Percent,0.07,null
53,Washington,2014,Percent,0.062,null
53,Washington,2015,Percent,0.057,null
53,Washington,2016,Percent,0.054000000000000006,null
53,Washington,2017,Percent,0.048,null
54,West Virginia,2000,Percent,0.055,null
54,West Virginia,2001,Percent,0.052000000000000005,null
54,West Virginia,2002,Percent,0.059000000000000004,null
54,West Virginia,2003,Percent,0.06,null
54,West Virginia,2004,Percent,0.053,null
54,West Virginia,2005,Percent,0.049,null
54,West Virginia,2006,Percent,0.045,null
54,West Virginia,2007,Percent,0.042,null
54,West Virginia,2008,Percent,0.042,null
54,West Virginia,2009,Percent,0.076,null
54,West Virginia,2010,Percent,0.084,null
54,West Virginia,2011,Percent,0.078,null
54,West Virginia,2012,Percent,0.073,null
54,West Virginia,2013,Percent,0.067,null
54,West Virginia,2014,Percent,0.065,null
54,West Virginia,2015,Percent,0.067,null
54,West Virginia,2016,Percent,0.06,null
54,West Virginia,2017,Percent,0.052000000000000005,null
55,Wisconsin,2000,Percent,0.034,null
55,Wisconsin,2001,Percent,0.044000000000000004,null
55,Wisconsin,2002,Percent,0.053,null
55,Wisconsin,2003,Percent,0.055999999999999994,null
55,Wisconsin,2004,Percent,0.05,null
55,Wisconsin,2005,Percent,0.048,null
55,Wisconsin,2006,Percent,0.047,null
55,Wisconsin,2007,Percent,0.048,null
55,Wisconsin,2008,Percent,0.048,null
55,Wisconsin,2009,Percent,0.087,null
55,Wisconsin,2010,Percent,0.085,null
55,Wisconsin,2011,Percent,0.075,null
55,Wisconsin,2012,Percent,0.069,null
55,Wisconsin,2013,Percent,0.068,null
55,Wisconsin,2014,Percent,0.055,null
55,Wisconsin,2015,Percent,0.046,null
55,Wisconsin,2016,Percent,0.040999999999999995,null
55,Wisconsin,2017,Percent,0.033,null
56,Wyoming,2000,Percent,0.038,null
56,Wyoming,2001,Percent,0.039,null
56,Wyoming,2002,Percent,0.042,null
56,Wyoming,2003,Percent,0.045,null
56,Wyoming,2004,Percent,0.039,null
56,Wyoming,2005,Percent,0.037000000000000005,null
56,Wyoming,2006,Percent,0.032,null
56,Wyoming,2007,Percent,0.027999999999999997,null
56,Wyoming,2008,Percent,0.031,null
56,Wyoming,2009,Percent,0.063,null
56,Wyoming,2010,Percent,0.07,null
56,Wyoming,2011,Percent,0.061,null
56,Wyoming,2012,Percent,0.054000000000000006,null
56,Wyoming,2013,Percent,0.047,null
56,Wyoming,2014,Percent,0.043,null
56,Wyoming,2015,Percent,0.042,null
56,Wyoming,2016,Percent,0.053,null
56,Wyoming,2017,Percent,0.042,null
